primer,sequence,note
ForInd_AddBC_2,gcggaactccactaggaacatttctctctcgaaTCTAGANNNNNNNNNNNNNNNNAGATCGGAAGAGCGTCGTGTAGGGAAAGAG,
5'for_lib_bcing,gcacgcgCAGCCGAGCCACATCGCTCA,
5_PacBio_G,ctagccattcagagGCAGCCGAGCCACgTCGCTC,
3_PacBio_C,CGCTCAACCAGTACGAGCCGTAAGTTATGTAACGCGGAACTCCACcAGGAAC,
5_PacBio_C,ctagccattcagagGCAGCCGAGCCACcTCGCTC,
3_PacBio_G,CGCTCAACCAGTACGAGCCGTAAGTTATGTAACGCGGAACTCCACgAGGAAC,
5_PacBio_Rnd2,CTAGCCATTCAGAGGCAGCCGAG,
3_PacBio_Rnd2,CGCTCAACCAGTACGAGCCGTAAGTTATGTAAC,
Illumina_Rnd1_For,CTCTTTCCCTACACGACGCTCTTCCGATCT,
Illumina_Rnd1_Rev3,CTGGAGTTCAGACGTGTGCTCTTCCGATCTgtccctattggcgttactatgggaacatacgtc,
Rnd2ForUniversal,AATGATACGGCGACCACCGAGATCTACACTCTTTCCCTACACGACGCTCTTCCGATCT,
IlluminaRnd2_Rev,CAAGCAGAAGACGGCATACGAGATnnnnnnnnGTGACTGGAGTTCAGACGTGTGCTCTTCCGATCT,
124-E2_A157S-R,CTGTGGCGGCTGTGCTCTGGctGTATGTGCTACAAGGCAGCTCTC,RVP mutant
125-E2_A157S-F,CCAGAGCACAGCCGCCACAG,RVP mutant
126-E2_E24N-R,GGAGAGTGACAAGAGTGGCCgTtGCCACAATCAGGGCAGTGAG,RVP mutant
127-E2_E24N-F,GGCCACTCTTGTCACTCTCCC,RVP mutant
128-E2_I2N-R,ACACGTTGAAGTTGTCCTTGtTGGATCTCCGCTGCCGTCTA,RVP mutant
129-E2_I2N-F,CAAGGACAACTTCAACGTGTACAAG,RVP mutant
130-E2_I121E-R,GGGTGTGTGCAGCTGTGGCTctcCTTTCTGCCGTCTGTGAAGCC,RVP mutant
131-E2_I121E-F,AGCCACAGCTGCACACACCC,RVP mutant
132-E2_N5P-R,ATGGCCTTGTACACGTTGAAtggGTCCTTGATGGATCTCCGCTG,RVP mutant
133-E2_N5P-F,TTCAACGTGTACAAGGCCATC,RVP mutant
134-E2_R119K-R,GTGCAGCTGTGGCTGATCTTctTGCCGTCTGTGAAGCCCAC,RVP mutant
135-E2_R119K-F,AAGATCAGCCACAGCTGCAC,RVP mutant
136-E2_A76N-R,GTCTGGCCCTCTCGGCATCGttAGGCATGTGGTTGTCCATGTAC,RVP mutant
137-E2_A76N-F,CGATGCCGAGAGGGCCAGAC,RVP mutant
138-E2_A157R-R,GCTGTGGCGGCTGTGCTCTGtctGTATGTGCTACAAGGCAGCTC,RVP mutant
139-E2_A157R-F,CAGAGCACAGCCGCCACAG,RVP mutant
140-E2_C28H-R,TCCAGAGCCACGGGAGAGTGgtgAGAGTGGCCCTCGCCACAAT,RVP mutant
141-E2_C28H-F,CACTCTCCCGTGGCTCTGG,RVP mutant
142-E1_D158R-R,GGGCCCACGATGAACTTGGCtctCTTCACAGTCACGGCATGGTC,RVP mutant
143-E1_D158R-F,GCCAAGTTCATCGTGGGCC,RVP mutant
144-E2_E24A-R,GGAGAGTGACAAGAGTGGCCggCGCCACAATCAGGGCAGTG,RVP mutant
145-E2_E24A-F,GGCCACTCTTGTCACTCTCCC,RVP mutant
146-E2_E24Y-R,GGAGAGTGACAAGAGTGGCCgtaGCCACAATCAGGGCAGTGAG,RVP mutant
147-E1_G83E-R,GGTGAACACCTTGCAAGAGTAG,RVP mutant
148-E1_G83E-F,ACTCTTGCAAGGTGTTCACCgagGTGTACCCCTTCATGTGGGG,RVP mutant
149-E1_G91A-R,GCCCCACATGAAGGGGTACA,RVP mutant
150-E1_G91A-F,TGTACCCCTTCATGTGGGGCgccGCCTACTGCTTCTGTGACACC,RVP mutant
151-E2_H18A-R,CCTCGCCACAATCAGGGCAGgcAGCCAGGTAGGGTCTGATGG,RVP mutant
152-E2_H18A-F,CTGCCCTGATTGTGGCGAGG,RVP mutant
153-E2_I2E-R,TACACGTTGAAGTTGTCCTTctcGGATCTCCGCTGCCGTCTAG,RVP mutant
154-E2_I2E-F,AAGGACAACTTCAACGTGTACAAG,RVP mutant
155-E2_K120D-R,TGTGTGCAGCTGTGGCTGATgtcTCTGCCGTCTGTGAAGCCC,RVP mutant
156-E2_K120D-F,ATCAGCCACAGCTGCACACAC,RVP mutant
157-E2_K189Y-R,GTCTGGCTGTTCACGGTGATgtaCACGTTGCCGCTCTGCTGA,RVP mutant
158-E2_K189Y-F,ATCACCGTGAACAGCCAGAC,RVP mutant
159-E1_K132N-R,TTGGCAGAGGCAGAGGCTG,RVP mutant
160-E1_K132N-F,ACAGCCTCTGCCTCTGCCAAcCTGAGAGTGCTGTACCAGGGC,RVP mutant
161-E1_K157C-R,CACAGTCACGGCATGGTCGC,RVP mutant
162-E1_K157C-F,GCGACCATGCCGTGACTGTGtgcGACGCCAAGTTCATCGTGG,RVP mutant
163-E2_P75N-R,CTGGCCCTCTCGGCATCGGCgttCATGTGGTTGTCCATGTACCGC,RVP mutant
164-E2_P75N-F,GCCGATGCCGAGAGGGCCAG,RVP mutant
165-E2_Q158T-R,TCGGCTGTGGCGGCTGTGCTggtGGCGTATGTGCTACAAGGCAG,RVP mutant
166-E2_Q158T-F,AGCACAGCCGCCACAGCCG,RVP mutant
167-E2_Q158V-R,TCGGCTGTGGCGGCTGTGCTCacGGCGTATGTGCTACAAGGCAG,RVP mutant
168-E2_R178S-R,CTCTGCTGAGACATCAGGGTgctGTCGGGTGTGTCTGGAGGC,RVP mutant
169-E2_R178S-F,ACCCTGATGTCTCAGCAGAG,RVP mutant
170-E2_W64E-R,CCATGTACCGCAGCTTTGTCtcGTCGTGGCTGTCGTCGGTC,RVP mutant
171-E2_W64E-F,GACAAAGCTGCGGTACATGGAC,RVP mutant
172-E2_A157S&Q158T-R,TCGGCTGTGGCGGCTGTGCTggtGctGTATGTGCTACAAGGCAGCTCTC,RVP mutant
173-E2_A157S&Q158V-R,TCGGCTGTGGCGGCTGTGCTCacGctGTATGTGCTACAAGGCAGCTCTC,RVP mutant
174-E2_K120D&I121E-R,GGGTGTGTGCAGCTGTGGCTctcgtcTCTGCCGTCTGTGAAGCCC,RVP mutant
175-E2_R119K&I121E-R,GGGTGTGTGCAGCTGTGGCTctcCTTctTGCCGTCTGTGAAGCCCAC,RVP mutant
176-E2_R119K&K120D-R,TGTGTGCAGCTGTGGCTGATgtcctTGCCGTCTGTGAAGCCCAC,RVP mutant
191-R119K-R,gggtgcgtacatgagtgactgatcttcTtaccgtcagtgaatcccaccg,181/25 virus mutant
192-R119K-F,agtcactcatgtacgcaccc,181/25 virus mutant
194-E2_I121E-R,gggtgcgtacatgagtgactCTCcttcctaccgtcagtgaatcccac,181/25 virus mutant
195-E2_K120D-R,gggtgcgtacatgagtgactgatGtCcctaccgtcagtgaatcccacc,181/25 virus mutant
196-E2_R119K&K120D-R,gggtgcgtacatgagtgactgatGtCcTtaccgtcagtgaatcccaccg,181/25 virus mutant
197-E2_R119K&I121E-R,gggtgcgtacatgagtgactCTCcttcTtaccgtcagtgaatcccaccg,181/25 virus mutant
198-E2_K120D&I121E-R,gggtgcgtacatgagtgactCTCGtCcctaccgtcagtgaatcccacc,181/25 virus mutant
199-E2_A157S-R,tcggcagttgcagcggtgctctgGCTgtacgtgctgcaaggtagttc,181/25 virus mutant
200-E2_A157S-F,agcaccgctgcaactgccg,181/25 virus mutant
201-E2_Q158T-R,tcggcagttgcagcggtgctGGTcgcgtacgtgctgcaaggtag,181/25 virus mutant
202-E2_Q158V-R,cggcagttgcagcggtgctcACcgcgtacgtgctgcaaggtag,181/25 virus mutant
203-E2_A157S&Q158T-R,cggcagttgcagcggtgctGGTGCTgtacgtgctgcaaggtagttc,181/25 virus mutant
204-E2_A157S&Q158V-R,cggcagttgcagcggtgctcACGCTgtacgtgctgcaaggtagttc,181/25 virus mutant
