protein_site,entry in 293T_Mxra8 cells,6nk7_chain
1,-0.372,"U,V,W,X"
2,-2.3392,"U,V,W,X"
3,-1.4416,"U,V,W,X"
4,-5.6927,"U,V,W,X"
5,-2.2529,"U,V,W,X"
6,-5.3875,"U,V,W,X"
7,-5.0244,"U,V,W,X"
8,-5.0426,"U,V,W,X"
9,-5.202,"U,V,W,X"
10,-6.7943,"U,V,W,X"
11,-3.1216,"U,V,W,X"
12,-2.7869,"U,V,W,X"
13,-3.1967,"U,V,W,X"
14,-0.7763,"U,V,W,X"
15,-2.0759,"U,V,W,X"
16,-0.0464,"U,V,W,X"
17,-1.8187,"U,V,W,X"
18,-0.1592,"U,V,W,X"
19,-0.5375,"U,V,W,X"
20,-2.3303,"U,V,W,X"
21,-0.3907,"U,V,W,X"
22,-1.2061,"U,V,W,X"
23,-0.0231,"U,V,W,X"
24,-0.8643,"U,V,W,X"
25,-2.1606,"U,V,W,X"
26,-3.0305,"U,V,W,X"
27,-4.5347,"U,V,W,X"
28,-0.8653,"U,V,W,X"
29,-0.2599,"U,V,W,X"
30,-0.6271,"U,V,W,X"
31,-1.2053,"U,V,W,X"
32,-0.236,"U,V,W,X"
33,-0.0391,"U,V,W,X"
34,-3.2514,"U,V,W,X"
35,-4.5877,"U,V,W,X"
36,-0.3654,"U,V,W,X"
37,-1.8666,"U,V,W,X"
38,-2.9254,"U,V,W,X"
39,-3.72,"U,V,W,X"
40,-0.2477,"U,V,W,X"
41,-2.4486,"U,V,W,X"
42,-0.5252,"U,V,W,X"
43,-0.2052,"U,V,W,X"
44,-0.3421,"U,V,W,X"
45,-0.2119,"U,V,W,X"
46,-0.6298,"U,V,W,X"
47,-5.9934,"U,V,W,X"
48,-2.1244,"U,V,W,X"
49,-0.0326,"U,V,W,X"
50,-3.1262,"U,V,W,X"
51,-2.3251,"U,V,W,X"
52,-0.0601,"U,V,W,X"
53,-0.5723,"U,V,W,X"
54,-2.0668,"U,V,W,X"
55,-3.1301,"U,V,W,X"
56,-0.296,"U,V,W,X"
57,-1.3724,"U,V,W,X"
58,-0.0695,"U,V,W,X"
59,0.0138,"U,V,W,X"
60,-0.1785,"U,V,W,X"
61,-2.5612,"U,V,W,X"
62,-0.1114,"U,V,W,X"
63,-0.3002,"U,V,W,X"
64,-3.7136,"U,V,W,X"
1,-2.1888,"E,F,G,H"
2,-0.6626,"E,F,G,H"
3,-0.7153,"E,F,G,H"
4,-1.6558,"E,F,G,H"
5,-0.2575,"E,F,G,H"
6,-2.3198,"E,F,G,H"
7,-1.3002,"E,F,G,H"
8,-1.5685,"E,F,G,H"
9,-6.205,"E,F,G,H"
10,-5.1805,"E,F,G,H"
11,-3.2191,"E,F,G,H"
12,-5.3206,"E,F,G,H"
13,-2.1088,"E,F,G,H"
14,-7.3915,"E,F,G,H"
15,-7.4192,"E,F,G,H"
16,-1.9891,"E,F,G,H"
17,-6.8431,"E,F,G,H"
18,0.0351,"E,F,G,H"
19,-7.4979,"E,F,G,H"
20,-4.7838,"E,F,G,H"
21,-2.8174,"E,F,G,H"
22,-7.4972,"E,F,G,H"
23,-2.9539,"E,F,G,H"
24,0.0091,"E,F,G,H"
25,-1.7197,"E,F,G,H"
26,-0.7113,"E,F,G,H"
27,-1.6447,"E,F,G,H"
28,-7.3786,"E,F,G,H"
29,-3.5812,"E,F,G,H"
30,-7.0672,"E,F,G,H"
31,-5.2858,"E,F,G,H"
32,-5.4061,"E,F,G,H"
33,-6.7181,"E,F,G,H"
34,-5.6031,"E,F,G,H"
35,-7.3291,"E,F,G,H"
36,-0.791,"E,F,G,H"
37,-5.9948,"E,F,G,H"
38,-3.7473,"E,F,G,H"
39,-5.2072,"E,F,G,H"
40,-5.9314,"E,F,G,H"
41,-7.2156,"E,F,G,H"
42,-5.7805,"E,F,G,H"
43,-7.4897,"E,F,G,H"
44,-6.5192,"E,F,G,H"
45,-4.0892,"E,F,G,H"
46,-6.5648,"E,F,G,H"
47,-6.0583,"E,F,G,H"
48,-6.4356,"E,F,G,H"
49,-6.4153,"E,F,G,H"
50,-5.2246,"E,F,G,H"
51,-5.9848,"E,F,G,H"
52,-5.4657,"E,F,G,H"
53,-7.0946,"E,F,G,H"
54,-4.3833,"E,F,G,H"
55,-6.0867,"E,F,G,H"
56,-5.1697,"E,F,G,H"
57,-3.5901,"E,F,G,H"
58,-1.4238,"E,F,G,H"
59,-7.0353,"E,F,G,H"
60,-5.4433,"E,F,G,H"
61,-1.5897,"E,F,G,H"
62,-0.4443,"E,F,G,H"
63,-6.8953,"E,F,G,H"
64,-0.7255,"E,F,G,H"
65,-3.4492,"E,F,G,H"
66,-2.1323,"E,F,G,H"
67,-6.0572,"E,F,G,H"
68,-7.3675,"E,F,G,H"
69,-6.337,"E,F,G,H"
70,-4.8591,"E,F,G,H"
71,-4.2752,"E,F,G,H"
72,-1.0112,"E,F,G,H"
73,-4.4699,"E,F,G,H"
74,-0.4172,"E,F,G,H"
75,-1.6833,"E,F,G,H"
76,-1.6679,"E,F,G,H"
77,-5.3622,"E,F,G,H"
78,-6.1879,"E,F,G,H"
79,-6.1503,"E,F,G,H"
80,-1.6244,"E,F,G,H"
81,-1.1014,"E,F,G,H"
82,-0.5233,"E,F,G,H"
83,-5.8439,"E,F,G,H"
84,-1.0635,"E,F,G,H"
85,-5.2262,"E,F,G,H"
86,-1.4904,"E,F,G,H"
87,-6.5275,"E,F,G,H"
88,-0.6723,"E,F,G,H"
89,-1.0603,"E,F,G,H"
90,-0.7516,"E,F,G,H"
91,-7.5057,"E,F,G,H"
92,-1.4553,"E,F,G,H"
93,-4.7139,"E,F,G,H"
94,-1.3685,"E,F,G,H"
95,-1.6346,"E,F,G,H"
96,-2.0579,"E,F,G,H"
97,-1.9627,"E,F,G,H"
98,-4.7303,"E,F,G,H"
99,-7.0555,"E,F,G,H"
100,-6.3089,"E,F,G,H"
101,-5.4287,"E,F,G,H"
102,-5.5507,"E,F,G,H"
103,-5.5544,"E,F,G,H"
104,-3.9735,"E,F,G,H"
105,-7.3659,"E,F,G,H"
106,-1.2712,"E,F,G,H"
107,-0.3916,"E,F,G,H"
108,-6.7045,"E,F,G,H"
109,-1.1541,"E,F,G,H"
110,-1.735,"E,F,G,H"
111,-5.2305,"E,F,G,H"
112,-4.7367,"E,F,G,H"
113,-5.8015,"E,F,G,H"
114,-2.722,"E,F,G,H"
115,-6.8288,"E,F,G,H"
116,-1.2764,"E,F,G,H"
117,-6.2901,"E,F,G,H"
118,-0.5776,"E,F,G,H"
119,-4.0748,"E,F,G,H"
120,-1.1987,"E,F,G,H"
121,-1.7995,"E,F,G,H"
122,-0.3881,"E,F,G,H"
123,-3.6925,"E,F,G,H"
124,-1.2683,"E,F,G,H"
125,-7.413,"E,F,G,H"
126,-3.4281,"E,F,G,H"
127,-3.0029,"E,F,G,H"
128,-2.3174,"E,F,G,H"
129,-5.8462,"E,F,G,H"
130,-1.0382,"E,F,G,H"
131,-6.3769,"E,F,G,H"
132,-2.165,"E,F,G,H"
133,-1.4655,"E,F,G,H"
134,-1.2879,"E,F,G,H"
135,-1.4879,"E,F,G,H"
136,-6.1456,"E,F,G,H"
137,-7.3243,"E,F,G,H"
138,-7.1769,"E,F,G,H"
139,-6.8688,"E,F,G,H"
140,-2.0944,"E,F,G,H"
141,-4.5143,"E,F,G,H"
142,-1.9491,"E,F,G,H"
143,-4.1246,"E,F,G,H"
144,-3.5586,"E,F,G,H"
145,-3.3815,"E,F,G,H"
146,-0.6196,"E,F,G,H"
147,-1.7018,"E,F,G,H"
148,-6.2531,"E,F,G,H"
149,-0.7618,"E,F,G,H"
150,-2.3694,"E,F,G,H"
151,-4.2121,"E,F,G,H"
152,-2.3626,"E,F,G,H"
153,-7.3696,"E,F,G,H"
154,-7.0045,"E,F,G,H"
155,-6.8947,"E,F,G,H"
156,-7.1894,"E,F,G,H"
157,-1.0926,"E,F,G,H"
158,-0.6426,"E,F,G,H"
159,-1.7225,"E,F,G,H"
160,-0.9026,"E,F,G,H"
161,-0.7647,"E,F,G,H"
162,-0.4386,"E,F,G,H"
163,-1.5512,"E,F,G,H"
164,-0.547,"E,F,G,H"
165,-6.1887,"E,F,G,H"
166,-1.5749,"E,F,G,H"
167,-4.9584,"E,F,G,H"
168,-4.3578,"E,F,G,H"
169,-6.0565,"E,F,G,H"
170,-2.27,"E,F,G,H"
171,-4.3285,"E,F,G,H"
172,-6.4254,"E,F,G,H"
173,-6.8271,"E,F,G,H"
174,-6.2655,"E,F,G,H"
175,-3.7641,"E,F,G,H"
176,-7.1916,"E,F,G,H"
177,-6.9294,"E,F,G,H"
178,-0.965,"E,F,G,H"
179,-2.1387,"E,F,G,H"
180,-5.8173,"E,F,G,H"
181,-5.5913,"E,F,G,H"
182,-1.6696,"E,F,G,H"
183,-3.9067,"E,F,G,H"
184,-1.0359,"E,F,G,H"
185,-1.1113,"E,F,G,H"
186,-1.1539,"E,F,G,H"
187,-2.4054,"E,F,G,H"
188,-7.0886,"E,F,G,H"
189,-2.3389,"E,F,G,H"
190,-6.5304,"E,F,G,H"
191,-1.8699,"E,F,G,H"
192,-5.3394,"E,F,G,H"
193,-1.5615,"E,F,G,H"
194,-1.3941,"E,F,G,H"
195,-1.8568,"E,F,G,H"
196,-2.2849,"E,F,G,H"
197,-7.0041,"E,F,G,H"
198,-4.3045,"E,F,G,H"
199,-6.4691,"E,F,G,H"
200,-2.6299,"E,F,G,H"
201,-7.2167,"E,F,G,H"
202,-0.8314,"E,F,G,H"
203,-7.3058,"E,F,G,H"
204,-2.2656,"E,F,G,H"
205,-0.5011,"E,F,G,H"
206,-0.277,"E,F,G,H"
207,-0.1086,"E,F,G,H"
208,-1.2354,"E,F,G,H"
209,-1.7239,"E,F,G,H"
210,-1.7906,"E,F,G,H"
211,-5.7566,"E,F,G,H"
212,-0.8831,"E,F,G,H"
213,-1.1257,"E,F,G,H"
214,-6.0768,"E,F,G,H"
215,-2.3982,"E,F,G,H"
216,-3.4213,"E,F,G,H"
217,-6.3639,"E,F,G,H"
218,-0.4377,"E,F,G,H"
219,-2.8249,"E,F,G,H"
220,-7.4017,"E,F,G,H"
221,-0.6684,"E,F,G,H"
222,-4.8288,"E,F,G,H"
223,-2.7142,"E,F,G,H"
224,-2.1243,"E,F,G,H"
225,-7.3297,"E,F,G,H"
226,-4.151,"E,F,G,H"
227,-5.5227,"E,F,G,H"
228,-3.7221,"E,F,G,H"
229,-5.8866,"E,F,G,H"
230,-6.0604,"E,F,G,H"
231,-2.2715,"E,F,G,H"
232,-4.373,"E,F,G,H"
233,-1.5394,"E,F,G,H"
234,-2.1285,"E,F,G,H"
235,-6.9886,"E,F,G,H"
236,-5.5208,"E,F,G,H"
237,-5.497,"E,F,G,H"
238,-3.1779,"E,F,G,H"
239,-7.392,"E,F,G,H"
240,-6.7593,"E,F,G,H"
241,-4.8601,"E,F,G,H"
242,-5.1289,"E,F,G,H"
243,-6.3968,"E,F,G,H"
244,-6.6255,"E,F,G,H"
245,-0.8648,"E,F,G,H"
246,-0.7007,"E,F,G,H"
247,-1.6167,"E,F,G,H"
248,-0.2274,"E,F,G,H"
249,-1.3002,"E,F,G,H"
250,-0.624,"E,F,G,H"
251,-1.8054,"E,F,G,H"
252,-3.334,"E,F,G,H"
253,-5.8119,"E,F,G,H"
254,-2.7556,"E,F,G,H"
255,-5.2709,"E,F,G,H"
256,-0.6607,"E,F,G,H"
257,-4.8663,"E,F,G,H"
258,-7.0458,"E,F,G,H"
259,-6.6698,"E,F,G,H"
260,-2.9216,"E,F,G,H"
261,-5.9701,"E,F,G,H"
262,-0.9741,"E,F,G,H"
263,-1.4059,"E,F,G,H"
264,-1.7136,"E,F,G,H"
265,-0.5535,"E,F,G,H"
266,-7.4604,"E,F,G,H"
267,-2.3958,"E,F,G,H"
268,-6.5833,"E,F,G,H"
269,-6.5056,"E,F,G,H"
270,-1.4541,"E,F,G,H"
271,-6.7122,"E,F,G,H"
272,-4.2853,"E,F,G,H"
273,-0.8574,"E,F,G,H"
274,-6.7014,"E,F,G,H"
275,-3.0416,"E,F,G,H"
276,-5.0317,"E,F,G,H"
277,-2.0953,"E,F,G,H"
278,-4.7893,"E,F,G,H"
279,-1.4879,"E,F,G,H"
280,-1.0546,"E,F,G,H"
281,-1.9419,"E,F,G,H"
282,-1.4771,"E,F,G,H"
283,-6.5501,"E,F,G,H"
284,-1.6113,"E,F,G,H"
285,-5.7199,"E,F,G,H"
286,-1.2115,"E,F,G,H"
287,-6.2916,"E,F,G,H"
288,-4.3271,"E,F,G,H"
289,-6.7995,"E,F,G,H"
290,-4.8477,"E,F,G,H"
291,-2.9585,"E,F,G,H"
292,-6.1162,"E,F,G,H"
293,-6.9278,"E,F,G,H"
294,-6.3898,"E,F,G,H"
295,-5.9874,"E,F,G,H"
296,-6.9979,"E,F,G,H"
297,-2.916,"E,F,G,H"
298,-7.4866,"E,F,G,H"
299,-0.6327,"E,F,G,H"
300,-5.9674,"E,F,G,H"
301,-6.4236,"E,F,G,H"
302,-0.2566,"E,F,G,H"
303,-0.4941,"E,F,G,H"
304,-5.9995,"E,F,G,H"
305,-2.0163,"E,F,G,H"
306,-5.8861,"E,F,G,H"
307,-1.0719,"E,F,G,H"
308,-4.8581,"E,F,G,H"
309,-2.2584,"E,F,G,H"
310,-7.4007,"E,F,G,H"
311,-6.6897,"E,F,G,H"
312,-1.0457,"E,F,G,H"
313,-0.5359,"E,F,G,H"
314,-4.051,"E,F,G,H"
315,-4.7359,"E,F,G,H"
316,-1.8297,"E,F,G,H"
317,-4.5572,"E,F,G,H"
318,-1.1582,"E,F,G,H"
319,-5.5292,"E,F,G,H"
320,-0.1791,"E,F,G,H"
321,-7.0048,"E,F,G,H"
322,-3.729,"E,F,G,H"
323,-0.1874,"E,F,G,H"
324,-1.473,"E,F,G,H"
325,-7.3452,"E,F,G,H"
326,-6.2664,"E,F,G,H"
327,-7.3267,"E,F,G,H"
328,-6.8391,"E,F,G,H"
329,-3.9737,"E,F,G,H"
330,-7.4454,"E,F,G,H"
331,-7.4195,"E,F,G,H"
332,-7.3048,"E,F,G,H"
333,-7.1634,"E,F,G,H"
334,-1.9057,"E,F,G,H"
335,-6.6371,"E,F,G,H"
336,-1.0641,"E,F,G,H"
337,-3.2919,"E,F,G,H"
338,-6.1362,"E,F,G,H"
339,-6.6691,"E,F,G,H"
340,-1.8527,"E,F,G,H"
341,-1.1564,"E,F,G,H"
342,-0.3386,"E,F,G,H"
343,-0.6012,"E,F,G,H"
344,-0.1346,"E,F,G,H"
345,-0.0854,"E,F,G,H"
346,-0.1612,"E,F,G,H"
347,-0.1484,"E,F,G,H"
348,-0.2661,"E,F,G,H"
349,-0.3787,"E,F,G,H"
350,-0.1044,"E,F,G,H"
351,-0.4312,"E,F,G,H"
352,-1.6901,"E,F,G,H"
353,-0.6393,"E,F,G,H"
354,-2.3439,"E,F,G,H"
355,-2.1977,"E,F,G,H"
356,-4.951,"E,F,G,H"
357,-1.0071,"E,F,G,H"
358,-2.805,"E,F,G,H"
359,-4.8879,"E,F,G,H"
360,-4.6423,"E,F,G,H"
361,-1.6512,"E,F,G,H"
362,-2.1739,"E,F,G,H"
363,-4.7188,"E,F,G,H"
364,-7.0278,"E,F,G,H"
365,-1.3728,"E,F,G,H"
366,-0.978,"E,F,G,H"
367,-5.6472,"E,F,G,H"
368,-3.0859,"E,F,G,H"
369,-3.706,"E,F,G,H"
370,-3.3504,"E,F,G,H"
371,-3.9207,"E,F,G,H"
372,-3.5782,"E,F,G,H"
373,-3.5478,"E,F,G,H"
374,-3.0448,"E,F,G,H"
375,-2.839,"E,F,G,H"
376,-3.4685,"E,F,G,H"
377,-3.331,"E,F,G,H"
378,-2.925,"E,F,G,H"
379,-4.3854,"E,F,G,H"
380,-2.4363,"E,F,G,H"
381,-2.6168,"E,F,G,H"
382,-3.1679,"E,F,G,H"
383,-2.6286,"E,F,G,H"
384,-2.4277,"E,F,G,H"
385,-2.2374,"E,F,G,H"
386,-3.2663,"E,F,G,H"
387,-0.4761,"E,F,G,H"
388,-2.4667,"E,F,G,H"
389,-3.732,"E,F,G,H"
390,-1.4988,"E,F,G,H"
391,-0.6335,"E,F,G,H"
392,-2.7507,"E,F,G,H"
393,-3.8139,"E,F,G,H"
394,-2.0182,"E,F,G,H"
395,-1.2916,"E,F,G,H"
396,-3.5295,"E,F,G,H"
397,-2.0675,"E,F,G,H"
398,-0.5382,"E,F,G,H"
399,-0.1284,"E,F,G,H"
400,-1.4158,"E,F,G,H"
401,-0.1649,"E,F,G,H"
402,-0.396,"E,F,G,H"
403,-1.6485,"E,F,G,H"
404,-0.82,"E,F,G,H"
405,-1.1609,"E,F,G,H"
406,-0.6522,"E,F,G,H"
407,-0.6848,"E,F,G,H"
408,-2.3547,"E,F,G,H"
409,-5.1929,"E,F,G,H"
410,-1.3811,"E,F,G,H"
411,-3.2778,"E,F,G,H"
412,-3.625,"E,F,G,H"
413,-2.4243,"E,F,G,H"
414,-3.8212,"E,F,G,H"
415,-3.6267,"E,F,G,H"
416,-5.2741,"E,F,G,H"
417,-6.1409,"E,F,G,H"
418,-3.341,"E,F,G,H"
419,-3.3371,"E,F,G,H"
420,-0.8239,"E,F,G,H"
421,-5.2602,"E,F,G,H"
422,-2.4667,"E,F,G,H"
423,-6.2299,"E,F,G,H"
1,-0.5555,
2,-0.33,
3,-0.1017,
4,-0.2762,
5,-0.5531,
6,-0.1613,
7,-0.1511,
8,-0.143,
9,0.003,
10,-0.1056,
11,0.022,
12,-0.1412,
13,-0.3631,
14,-0.2483,
15,-0.068,
16,-0.13,
17,-0.3123,
18,-0.1821,
19,-0.363,
20,-0.1425,
21,-0.0736,
22,-0.2707,
23,-0.3919,
24,-0.4088,
25,-0.1483,
26,-1.4618,
27,-1.4583,
28,-0.354,
29,-0.6963,
30,-0.9412,
31,-0.3416,
32,-0.1185,
33,-0.1904,
34,-0.1044,
35,-0.0465,
36,-0.1607,
37,-0.1345,
38,-0.0347,
39,-0.0591,
40,-0.3494,
41,-0.2392,
42,-0.136,
43,-0.1268,
44,-0.2751,
45,-0.2109,
46,-0.3562,
47,-0.2046,
48,-1.263,
49,-2.4474,
50,-1.5899,
51,-2.6508,
52,-2.4299,
53,-0.1915,
54,-0.4322,
55,-0.1172,
56,-0.0777,
57,-0.3312,
58,-0.0103,
59,-2.904,
60,-0.2913,
61,-4.7187,
1,-1.4917,"A,B,C,D"
2,-6.442,"A,B,C,D"
3,-5.8923,"A,B,C,D"
4,-1.4063,"A,B,C,D"
5,-1.7064,"A,B,C,D"
6,-1.5771,"A,B,C,D"
7,-4.1014,"A,B,C,D"
8,-5.0098,"A,B,C,D"
9,-2.5066,"A,B,C,D"
10,-0.532,"A,B,C,D"
11,-1.8143,"A,B,C,D"
12,-1.7392,"A,B,C,D"
13,-2.2954,"A,B,C,D"
14,-0.3059,"A,B,C,D"
15,-1.6546,"A,B,C,D"
16,-4.9298,"A,B,C,D"
17,-2.4479,"A,B,C,D"
18,-1.8031,"A,B,C,D"
19,-5.185,"A,B,C,D"
20,-0.4027,"A,B,C,D"
21,-2.6466,"A,B,C,D"
22,-0.6539,"A,B,C,D"
23,-1.146,"A,B,C,D"
24,-3.2836,"A,B,C,D"
25,-4.8551,"A,B,C,D"
26,-3.6844,"A,B,C,D"
27,-2.9995,"A,B,C,D"
28,-4.3523,"A,B,C,D"
29,-4.7864,"A,B,C,D"
30,-2.7925,"A,B,C,D"
31,-3.3567,"A,B,C,D"
32,-2.4605,"A,B,C,D"
33,-4.9083,"A,B,C,D"
34,-0.9249,"A,B,C,D"
35,-0.5359,"A,B,C,D"
36,-2.8116,"A,B,C,D"
37,-0.8717,"A,B,C,D"
38,-4.0267,"A,B,C,D"
39,-0.8417,"A,B,C,D"
40,-5.6796,"A,B,C,D"
41,-2.7522,"A,B,C,D"
42,-5.3168,"A,B,C,D"
43,-0.9554,"A,B,C,D"
44,-3.6866,"A,B,C,D"
45,-3.4668,"A,B,C,D"
46,-6.7743,"A,B,C,D"
47,-4.6909,"A,B,C,D"
48,-6.7217,"A,B,C,D"
49,-7.5115,"A,B,C,D"
50,-2.029,"A,B,C,D"
51,-6.4241,"A,B,C,D"
52,-0.3726,"A,B,C,D"
53,-4.7473,"A,B,C,D"
54,-1.8116,"A,B,C,D"
55,-3.7603,"A,B,C,D"
56,-4.0283,"A,B,C,D"
57,-6.8169,"A,B,C,D"
58,-7.4632,"A,B,C,D"
59,-5.0384,"A,B,C,D"
60,-6.8431,"A,B,C,D"
61,-3.0635,"A,B,C,D"
62,-7.4897,"A,B,C,D"
63,-7.5195,"A,B,C,D"
64,-5.9264,"A,B,C,D"
65,-2.1958,"A,B,C,D"
66,-3.4368,"A,B,C,D"
67,-3.8359,"A,B,C,D"
68,-7.4743,"A,B,C,D"
69,-0.6207,"A,B,C,D"
70,-0.4755,"A,B,C,D"
71,-0.964,"A,B,C,D"
72,-0.1502,"A,B,C,D"
73,-1.0748,"A,B,C,D"
74,-3.94,"A,B,C,D"
75,-5.5408,"A,B,C,D"
76,-6.5767,"A,B,C,D"
77,-0.9981,"A,B,C,D"
78,-7.4563,"A,B,C,D"
79,-0.8635,"A,B,C,D"
80,-5.2858,"A,B,C,D"
81,-6.1895,"A,B,C,D"
82,-0.7422,"A,B,C,D"
83,-4.2047,"A,B,C,D"
84,-7.0844,"A,B,C,D"
85,-7.4806,"A,B,C,D"
86,-7.4362,"A,B,C,D"
87,-6.7657,"A,B,C,D"
88,-6.737,"A,B,C,D"
89,-7.523,"A,B,C,D"
90,-7.5738,"A,B,C,D"
91,-7.4964,"A,B,C,D"
92,-6.5261,"A,B,C,D"
93,-5.7592,"A,B,C,D"
94,-7.4726,"A,B,C,D"
95,-6.7072,"A,B,C,D"
96,-7.5231,"A,B,C,D"
97,-4.0318,"A,B,C,D"
98,-2.0346,"A,B,C,D"
99,-6.2072,"A,B,C,D"
100,-7.4499,"A,B,C,D"
101,-3.6206,"A,B,C,D"
102,-7.5229,"A,B,C,D"
103,-4.9717,"A,B,C,D"
104,-6.4287,"A,B,C,D"
105,-6.3333,"A,B,C,D"
106,-5.4225,"A,B,C,D"
107,-4.9533,"A,B,C,D"
108,-6.1037,"A,B,C,D"
109,-1.3678,"A,B,C,D"
110,-3.3865,"A,B,C,D"
111,-3.8957,"A,B,C,D"
112,-1.1576,"A,B,C,D"
113,-6.2111,"A,B,C,D"
114,-7.5064,"A,B,C,D"
115,-0.8506,"A,B,C,D"
116,-1.6463,"A,B,C,D"
117,-7.0537,"A,B,C,D"
118,-3.9783,"A,B,C,D"
119,-6.4895,"A,B,C,D"
120,-1.246,"A,B,C,D"
121,-5.4569,"A,B,C,D"
122,-3.287,"A,B,C,D"
123,-1.1493,"A,B,C,D"
124,-4.6877,"A,B,C,D"
125,-2.7067,"A,B,C,D"
126,-6.0787,"A,B,C,D"
127,-6.2278,"A,B,C,D"
128,-0.4502,"A,B,C,D"
129,-1.2958,"A,B,C,D"
130,-0.9235,"A,B,C,D"
131,-4.7757,"A,B,C,D"
132,-1.1405,"A,B,C,D"
133,-4.6594,"A,B,C,D"
134,-4.0919,"A,B,C,D"
135,-4.4568,"A,B,C,D"
136,-1.0434,"A,B,C,D"
137,-2.8057,"A,B,C,D"
138,-0.1684,"A,B,C,D"
139,-1.9374,"A,B,C,D"
140,-0.5655,"A,B,C,D"
141,-3.3636,"A,B,C,D"
142,-0.8833,"A,B,C,D"
143,-3.7444,"A,B,C,D"
144,-3.2772,"A,B,C,D"
145,-0.3503,"A,B,C,D"
146,-2.6367,"A,B,C,D"
147,-3.8756,"A,B,C,D"
148,-3.3084,"A,B,C,D"
149,-1.264,"A,B,C,D"
150,-4.4724,"A,B,C,D"
151,-1.8151,"A,B,C,D"
152,-0.724,"A,B,C,D"
153,-0.152,"A,B,C,D"
154,-1.3675,"A,B,C,D"
155,-0.2028,"A,B,C,D"
156,-0.5413,"A,B,C,D"
157,-0.8461,"A,B,C,D"
158,-0.7826,"A,B,C,D"
159,-1.8688,"A,B,C,D"
160,-1.1425,"A,B,C,D"
161,-4.282,"A,B,C,D"
162,-1.5349,"A,B,C,D"
163,-3.9601,"A,B,C,D"
164,-6.7207,"A,B,C,D"
165,-6.3197,"A,B,C,D"
166,-3.334,"A,B,C,D"
167,-5.9491,"A,B,C,D"
168,-2.2818,"A,B,C,D"
169,-4.058,"A,B,C,D"
170,-5.543,"A,B,C,D"
171,-5.9205,"A,B,C,D"
172,-7.1455,"A,B,C,D"
173,-7.303,"A,B,C,D"
174,-3.1012,"A,B,C,D"
175,-0.5419,"A,B,C,D"
176,-3.3459,"A,B,C,D"
177,-6.2118,"A,B,C,D"
178,-6.2612,"A,B,C,D"
179,-4.7943,"A,B,C,D"
180,-6.9265,"A,B,C,D"
181,-3.0449,"A,B,C,D"
182,-0.6031,"A,B,C,D"
183,-2.7359,"A,B,C,D"
184,-5.9605,"A,B,C,D"
185,-6.4278,"A,B,C,D"
186,-7.0233,"A,B,C,D"
187,-1.6331,"A,B,C,D"
188,-2.2374,"A,B,C,D"
189,-6.7617,"A,B,C,D"
190,-3.5164,"A,B,C,D"
191,-0.4253,"A,B,C,D"
192,-4.0917,"A,B,C,D"
193,-3.7273,"A,B,C,D"
194,-2.197,"A,B,C,D"
195,-4.4692,"A,B,C,D"
196,-1.1762,"A,B,C,D"
197,-5.4321,"A,B,C,D"
198,-6.9872,"A,B,C,D"
199,-1.6262,"A,B,C,D"
200,-6.4357,"A,B,C,D"
201,-7.1747,"A,B,C,D"
202,-7.5206,"A,B,C,D"
203,-5.807,"A,B,C,D"
204,-6.5035,"A,B,C,D"
205,-3.6891,"A,B,C,D"
206,-1.7947,"A,B,C,D"
207,-1.0344,"A,B,C,D"
208,-1.3417,"A,B,C,D"
209,-0.4592,"A,B,C,D"
210,-4.1744,"A,B,C,D"
211,-0.2228,"A,B,C,D"
212,-2.2335,"A,B,C,D"
213,-2.7749,"A,B,C,D"
214,-2.1335,"A,B,C,D"
215,-5.865,"A,B,C,D"
216,-1.7706,"A,B,C,D"
217,-7.2353,"A,B,C,D"
218,-4.7728,"A,B,C,D"
219,-6.1473,"A,B,C,D"
220,-1.109,"A,B,C,D"
221,-5.1178,"A,B,C,D"
222,-1.3712,"A,B,C,D"
223,-3.899,"A,B,C,D"
224,-7.3803,"A,B,C,D"
225,-2.5121,"A,B,C,D"
226,-3.8442,"A,B,C,D"
227,-5.6607,"A,B,C,D"
228,-1.7423,"A,B,C,D"
229,-5.8625,"A,B,C,D"
230,-6.6083,"A,B,C,D"
231,-5.8508,"A,B,C,D"
232,-6.5685,"A,B,C,D"
233,-3.2562,"A,B,C,D"
234,-4.5079,"A,B,C,D"
235,-6.1849,"A,B,C,D"
236,-4.2495,"A,B,C,D"
237,-6.0307,"A,B,C,D"
238,-6.2735,"A,B,C,D"
239,-7.2792,"A,B,C,D"
240,-6.4372,"A,B,C,D"
241,-4.1955,"A,B,C,D"
242,-4.9856,"A,B,C,D"
243,-7.3689,"A,B,C,D"
244,-2.8466,"A,B,C,D"
245,-0.3892,"A,B,C,D"
246,-5.7713,"A,B,C,D"
247,-4.5848,"A,B,C,D"
248,-1.885,"A,B,C,D"
249,-3.9009,"A,B,C,D"
250,-4.1442,"A,B,C,D"
251,-5.4365,"A,B,C,D"
252,-0.7373,"A,B,C,D"
253,-2.0309,"A,B,C,D"
254,-4.1963,"A,B,C,D"
255,-5.3151,"A,B,C,D"
256,-5.8694,"A,B,C,D"
257,-6.1836,"A,B,C,D"
258,-5.5383,"A,B,C,D"
259,-7.4385,"A,B,C,D"
260,-0.6986,"A,B,C,D"
261,-5.9226,"A,B,C,D"
262,-0.6742,"A,B,C,D"
263,-1.6652,"A,B,C,D"
264,-0.5355,"A,B,C,D"
265,-7.1515,"A,B,C,D"
266,-5.5737,"A,B,C,D"
267,-3.3716,"A,B,C,D"
268,-6.1219,"A,B,C,D"
269,-1.011,"A,B,C,D"
270,-4.8725,"A,B,C,D"
271,-7.4544,"A,B,C,D"
272,-1.1567,"A,B,C,D"
273,-2.9791,"A,B,C,D"
274,-7.0977,"A,B,C,D"
275,-2.1894,"A,B,C,D"
276,-4.0406,"A,B,C,D"
277,-6.5716,"A,B,C,D"
278,-5.2223,"A,B,C,D"
279,-2.2573,"A,B,C,D"
280,-4.1634,"A,B,C,D"
281,-4.7691,"A,B,C,D"
282,-5.7656,"A,B,C,D"
283,-1.4299,"A,B,C,D"
284,-1.2398,"A,B,C,D"
285,-6.0369,"A,B,C,D"
286,-0.8523,"A,B,C,D"
287,-6.2525,"A,B,C,D"
288,-1.7816,"A,B,C,D"
289,-3.6492,"A,B,C,D"
290,-0.9144,"A,B,C,D"
291,-0.6523,"A,B,C,D"
292,-2.5223,"A,B,C,D"
293,-3.7253,"A,B,C,D"
294,-6.0805,"A,B,C,D"
295,-0.4474,"A,B,C,D"
296,-4.4107,"A,B,C,D"
297,-0.3742,"A,B,C,D"
298,-0.7963,"A,B,C,D"
299,-1.3124,"A,B,C,D"
300,-0.5576,"A,B,C,D"
301,-7.2707,"A,B,C,D"
302,-0.9339,"A,B,C,D"
303,-5.1486,"A,B,C,D"
304,-0.6466,"A,B,C,D"
305,-0.7267,"A,B,C,D"
306,-7.4026,"A,B,C,D"
307,-1.5164,"A,B,C,D"
308,-2.1841,"A,B,C,D"
309,-4.7663,"A,B,C,D"
310,-1.5911,"A,B,C,D"
311,-4.032,"A,B,C,D"
312,-4.9394,"A,B,C,D"
313,-3.5889,"A,B,C,D"
314,-6.3548,"A,B,C,D"
315,-0.7644,"A,B,C,D"
316,-4.6033,"A,B,C,D"
317,-1.0881,"A,B,C,D"
318,-5.7136,"A,B,C,D"
319,-0.4685,"A,B,C,D"
320,-2.8513,"A,B,C,D"
321,-0.6693,"A,B,C,D"
322,-2.6767,"A,B,C,D"
323,-0.5726,"A,B,C,D"
324,-1.1259,"A,B,C,D"
325,-0.2646,"A,B,C,D"
326,-5.1925,"A,B,C,D"
327,-0.5256,"A,B,C,D"
328,-7.4679,"A,B,C,D"
329,-4.1725,"A,B,C,D"
330,-4.5775,"A,B,C,D"
331,-3.1374,"A,B,C,D"
332,-3.797,"A,B,C,D"
333,-0.5898,"A,B,C,D"
334,-0.1258,"A,B,C,D"
335,-0.3913,"A,B,C,D"
336,-0.607,"A,B,C,D"
337,-3.9378,"A,B,C,D"
338,-2.1146,"A,B,C,D"
339,-3.8875,"A,B,C,D"
340,-4.1922,"A,B,C,D"
341,-4.6178,"A,B,C,D"
342,-1.5647,"A,B,C,D"
343,-0.845,"A,B,C,D"
344,-0.4437,"A,B,C,D"
345,-0.135,"A,B,C,D"
346,-5.0385,"A,B,C,D"
347,-0.197,"A,B,C,D"
348,-0.4165,"A,B,C,D"
349,-0.1,"A,B,C,D"
350,-0.6763,"A,B,C,D"
351,-0.2034,"A,B,C,D"
352,-0.4425,"A,B,C,D"
353,-0.4647,"A,B,C,D"
354,-4.5086,"A,B,C,D"
355,-0.7983,"A,B,C,D"
356,-6.2052,"A,B,C,D"
357,-5.4945,"A,B,C,D"
358,-4.8376,"A,B,C,D"
359,-1.2769,"A,B,C,D"
360,-1.2211,"A,B,C,D"
361,-0.6931,"A,B,C,D"
362,-0.4953,"A,B,C,D"
363,-0.8669,"A,B,C,D"
364,-0.1003,"A,B,C,D"
365,-4.7436,"A,B,C,D"
366,-0.1049,"A,B,C,D"
367,-4.4059,"A,B,C,D"
368,-1.5725,"A,B,C,D"
369,-4.7466,"A,B,C,D"
370,-7.3817,"A,B,C,D"
371,-1.4758,"A,B,C,D"
372,-0.2056,"A,B,C,D"
373,-0.3945,"A,B,C,D"
374,-3.2303,"A,B,C,D"
375,-0.1829,"A,B,C,D"
376,-7.3218,"A,B,C,D"
377,-0.3406,"A,B,C,D"
378,-3.099,"A,B,C,D"
379,-0.6177,"A,B,C,D"
380,-7.4758,"A,B,C,D"
381,-0.4004,"A,B,C,D"
382,-2.7464,"A,B,C,D"
383,-6.8895,"A,B,C,D"
384,-1.7881,"A,B,C,D"
385,-2.3052,"A,B,C,D"
386,-5.7263,"A,B,C,D"
387,-7.0115,"A,B,C,D"
388,-5.3318,"A,B,C,D"
389,-3.6293,"A,B,C,D"
390,-4.0773,"A,B,C,D"
391,-4.1172,"A,B,C,D"
392,-1.5734,"A,B,C,D"
393,-1.7035,"A,B,C,D"
394,-2.9313,"A,B,C,D"
395,-0.6289,"A,B,C,D"
396,-0.6301,"A,B,C,D"
397,-0.658,"A,B,C,D"
398,-1.5305,"A,B,C,D"
399,-0.5118,"A,B,C,D"
400,-0.6228,"A,B,C,D"
401,-2.0053,"A,B,C,D"
402,-1.6335,"A,B,C,D"
403,-0.867,"A,B,C,D"
404,-0.8077,"A,B,C,D"
405,-0.6154,"A,B,C,D"
406,-1.6215,"A,B,C,D"
407,-0.8594,"A,B,C,D"
408,-0.3519,"A,B,C,D"
409,-1.5222,"A,B,C,D"
410,-1.5331,"A,B,C,D"
411,-0.6487,"A,B,C,D"
412,-1.4532,"A,B,C,D"
413,-3.0801,"A,B,C,D"
414,-1.1814,"A,B,C,D"
415,-3.1285,"A,B,C,D"
416,-1.8721,"A,B,C,D"
417,-2.1377,"A,B,C,D"
418,-3.3362,"A,B,C,D"
419,-1.5361,"A,B,C,D"
420,-2.0579,"A,B,C,D"
421,-1.9011,"A,B,C,D"
422,-2.7801,"A,B,C,D"
423,-2.0233,"A,B,C,D"
424,-1.652,"A,B,C,D"
425,-2.7051,"A,B,C,D"
426,-1.6604,"A,B,C,D"
427,-1.6059,"A,B,C,D"
428,-0.7051,"A,B,C,D"
429,-2.4205,"A,B,C,D"
430,-1.1886,"A,B,C,D"
431,-1.4269,"A,B,C,D"
432,-0.4185,"A,B,C,D"
433,-1.6772,"A,B,C,D"
434,-0.1905,"A,B,C,D"
435,-0.4793,"A,B,C,D"
436,-0.0575,"A,B,C,D"
437,-0.2933,"A,B,C,D"
438,-1.2099,"A,B,C,D"
439,-0.4309,"A,B,C,D"
