reference_site,sequential_site,protein_site,chains
-1(E3),1,,
1(E3),2,,
2(E3),3,,
3(E3),4,,
4(E3),5,,
5(E3),6,,
6(E3),7,,
7(E3),8,,
8(E3),9,,
9(E3),10,,
10(E3),11,,
11(E3),12,,
12(E3),13,,
13(E3),14,,
14(E3),15,,
15(E3),16,,
16(E3),17,,
17(E3),18,,
18(E3),19,,
19(E3),20,,
20(E3),21,,
21(E3),22,,
22(E3),23,,
23(E3),24,,
24(E3),25,,
25(E3),26,,
26(E3),27,,
27(E3),28,,
28(E3),29,,
29(E3),30,,
30(E3),31,,
31(E3),32,,
32(E3),33,,
33(E3),34,,
34(E3),35,,
35(E3),36,,
36(E3),37,,
37(E3),38,,
38(E3),39,,
39(E3),40,,
40(E3),41,,
41(E3),42,,
42(E3),43,,
43(E3),44,,
44(E3),45,,
45(E3),46,,
46(E3),47,,
47(E3),48,,
48(E3),49,,
49(E3),50,,
50(E3),51,,
51(E3),52,,
52(E3),53,,
53(E3),54,,
54(E3),55,,
55(E3),56,,
56(E3),57,,
57(E3),58,,
58(E3),59,,
59(E3),60,,
60(E3),61,,
61(E3),62,,
62(E3),63,,
63(E3),64,,
64(E3),65,,
1(E2),66,1,E F G H
2(E2),67,2,E F G H
3(E2),68,3,E F G H
4(E2),69,4,E F G H
5(E2),70,5,E F G H
6(E2),71,6,E F G H
7(E2),72,7,E F G H
8(E2),73,8,E F G H
9(E2),74,9,E F G H
10(E2),75,10,E F G H
11(E2),76,11,E F G H
12(E2),77,12,E F G H
13(E2),78,13,E F G H
14(E2),79,14,E F G H
15(E2),80,15,E F G H
16(E2),81,16,E F G H
17(E2),82,17,E F G H
18(E2),83,18,E F G H
19(E2),84,19,E F G H
20(E2),85,20,E F G H
21(E2),86,21,E F G H
22(E2),87,22,E F G H
23(E2),88,23,E F G H
24(E2),89,24,E F G H
25(E2),90,25,E F G H
26(E2),91,26,E F G H
27(E2),92,27,E F G H
28(E2),93,28,E F G H
29(E2),94,29,E F G H
30(E2),95,30,E F G H
31(E2),96,31,E F G H
32(E2),97,32,E F G H
33(E2),98,33,E F G H
34(E2),99,34,E F G H
35(E2),100,35,E F G H
36(E2),101,36,E F G H
37(E2),102,37,E F G H
38(E2),103,38,E F G H
39(E2),104,39,E F G H
40(E2),105,40,E F G H
41(E2),106,41,E F G H
42(E2),107,42,E F G H
43(E2),108,43,E F G H
44(E2),109,44,E F G H
45(E2),110,45,E F G H
46(E2),111,46,E F G H
47(E2),112,47,E F G H
48(E2),113,48,E F G H
49(E2),114,49,E F G H
50(E2),115,50,E F G H
51(E2),116,51,E F G H
52(E2),117,52,E F G H
53(E2),118,53,E F G H
54(E2),119,54,E F G H
55(E2),120,55,E F G H
56(E2),121,56,E F G H
57(E2),122,57,E F G H
58(E2),123,58,E F G H
59(E2),124,59,E F G H
60(E2),125,60,E F G H
61(E2),126,61,E F G H
62(E2),127,62,E F G H
63(E2),128,63,E F G H
64(E2),129,64,E F G H
65(E2),130,65,E F G H
66(E2),131,66,E F G H
67(E2),132,67,E F G H
68(E2),133,68,E F G H
69(E2),134,69,E F G H
70(E2),135,70,E F G H
71(E2),136,71,E F G H
72(E2),137,72,E F G H
73(E2),138,73,E F G H
74(E2),139,74,E F G H
75(E2),140,75,E F G H
76(E2),141,76,E F G H
77(E2),142,77,E F G H
78(E2),143,78,E F G H
79(E2),144,79,E F G H
80(E2),145,80,E F G H
81(E2),146,81,E F G H
82(E2),147,82,E F G H
83(E2),148,83,E F G H
84(E2),149,84,E F G H
85(E2),150,85,E F G H
86(E2),151,86,E F G H
87(E2),152,87,E F G H
88(E2),153,88,E F G H
89(E2),154,89,E F G H
90(E2),155,90,E F G H
91(E2),156,91,E F G H
92(E2),157,92,E F G H
93(E2),158,93,E F G H
94(E2),159,94,E F G H
95(E2),160,95,E F G H
96(E2),161,96,E F G H
97(E2),162,97,E F G H
98(E2),163,98,E F G H
99(E2),164,99,E F G H
100(E2),165,100,E F G H
101(E2),166,101,E F G H
102(E2),167,102,E F G H
103(E2),168,103,E F G H
104(E2),169,104,E F G H
105(E2),170,105,E F G H
106(E2),171,106,E F G H
107(E2),172,107,E F G H
108(E2),173,108,E F G H
109(E2),174,109,E F G H
110(E2),175,110,E F G H
111(E2),176,111,E F G H
112(E2),177,112,E F G H
113(E2),178,113,E F G H
114(E2),179,114,E F G H
115(E2),180,115,E F G H
116(E2),181,116,E F G H
117(E2),182,117,E F G H
118(E2),183,118,E F G H
119(E2),184,119,E F G H
120(E2),185,120,E F G H
121(E2),186,121,E F G H
122(E2),187,122,E F G H
123(E2),188,123,E F G H
124(E2),189,124,E F G H
125(E2),190,125,E F G H
126(E2),191,126,E F G H
127(E2),192,127,E F G H
128(E2),193,128,E F G H
129(E2),194,129,E F G H
130(E2),195,130,E F G H
131(E2),196,131,E F G H
132(E2),197,132,E F G H
133(E2),198,133,E F G H
134(E2),199,134,E F G H
135(E2),200,135,E F G H
136(E2),201,136,E F G H
137(E2),202,137,E F G H
138(E2),203,138,E F G H
139(E2),204,139,E F G H
140(E2),205,140,E F G H
141(E2),206,141,E F G H
142(E2),207,142,E F G H
143(E2),208,143,E F G H
144(E2),209,144,E F G H
145(E2),210,145,E F G H
146(E2),211,146,E F G H
147(E2),212,147,E F G H
148(E2),213,148,E F G H
149(E2),214,149,E F G H
150(E2),215,150,E F G H
151(E2),216,151,E F G H
152(E2),217,152,E F G H
153(E2),218,153,E F G H
154(E2),219,154,E F G H
155(E2),220,155,E F G H
156(E2),221,156,E F G H
157(E2),222,157,E F G H
158(E2),223,158,E F G H
159(E2),224,159,E F G H
160(E2),225,160,E F G H
161(E2),226,161,E F G H
162(E2),227,162,E F G H
163(E2),228,163,E F G H
164(E2),229,164,E F G H
165(E2),230,165,E F G H
166(E2),231,166,E F G H
167(E2),232,167,E F G H
168(E2),233,168,E F G H
169(E2),234,169,E F G H
170(E2),235,170,E F G H
171(E2),236,171,E F G H
172(E2),237,172,E F G H
173(E2),238,173,E F G H
174(E2),239,174,E F G H
175(E2),240,175,E F G H
176(E2),241,176,E F G H
177(E2),242,177,E F G H
178(E2),243,178,E F G H
179(E2),244,179,E F G H
180(E2),245,180,E F G H
181(E2),246,181,E F G H
182(E2),247,182,E F G H
183(E2),248,183,E F G H
184(E2),249,184,E F G H
185(E2),250,185,E F G H
186(E2),251,186,E F G H
187(E2),252,187,E F G H
188(E2),253,188,E F G H
189(E2),254,189,E F G H
190(E2),255,190,E F G H
191(E2),256,191,E F G H
192(E2),257,192,E F G H
193(E2),258,193,E F G H
194(E2),259,194,E F G H
195(E2),260,195,E F G H
196(E2),261,196,E F G H
197(E2),262,197,E F G H
198(E2),263,198,E F G H
199(E2),264,199,E F G H
200(E2),265,200,E F G H
201(E2),266,201,E F G H
202(E2),267,202,E F G H
203(E2),268,203,E F G H
204(E2),269,204,E F G H
205(E2),270,205,E F G H
206(E2),271,206,E F G H
207(E2),272,207,E F G H
208(E2),273,208,E F G H
209(E2),274,209,E F G H
210(E2),275,210,E F G H
211(E2),276,211,E F G H
212(E2),277,212,E F G H
213(E2),278,213,E F G H
214(E2),279,214,E F G H
215(E2),280,215,E F G H
216(E2),281,216,E F G H
217(E2),282,217,E F G H
218(E2),283,218,E F G H
219(E2),284,219,E F G H
220(E2),285,220,E F G H
221(E2),286,221,E F G H
222(E2),287,222,E F G H
223(E2),288,223,E F G H
224(E2),289,224,E F G H
225(E2),290,225,E F G H
226(E2),291,226,E F G H
227(E2),292,227,E F G H
228(E2),293,228,E F G H
229(E2),294,229,E F G H
230(E2),295,230,E F G H
231(E2),296,231,E F G H
232(E2),297,232,E F G H
233(E2),298,233,E F G H
234(E2),299,234,E F G H
235(E2),300,235,E F G H
236(E2),301,236,E F G H
237(E2),302,237,E F G H
238(E2),303,238,E F G H
239(E2),304,239,E F G H
240(E2),305,240,E F G H
241(E2),306,241,E F G H
242(E2),307,242,E F G H
243(E2),308,243,E F G H
244(E2),309,244,E F G H
245(E2),310,245,E F G H
246(E2),311,246,E F G H
247(E2),312,247,E F G H
248(E2),313,248,E F G H
249(E2),314,249,E F G H
250(E2),315,250,E F G H
251(E2),316,251,E F G H
252(E2),317,252,E F G H
253(E2),318,253,E F G H
254(E2),319,254,E F G H
255(E2),320,255,E F G H
256(E2),321,256,E F G H
257(E2),322,257,E F G H
258(E2),323,258,E F G H
259(E2),324,259,E F G H
260(E2),325,260,E F G H
261(E2),326,261,E F G H
262(E2),327,262,E F G H
263(E2),328,263,E F G H
264(E2),329,264,E F G H
265(E2),330,265,E F G H
266(E2),331,266,E F G H
267(E2),332,267,E F G H
268(E2),333,268,E F G H
269(E2),334,269,E F G H
270(E2),335,270,E F G H
271(E2),336,271,E F G H
272(E2),337,272,E F G H
273(E2),338,273,E F G H
274(E2),339,274,E F G H
275(E2),340,275,E F G H
276(E2),341,276,E F G H
277(E2),342,277,E F G H
278(E2),343,278,E F G H
279(E2),344,279,E F G H
280(E2),345,280,E F G H
281(E2),346,281,E F G H
282(E2),347,282,E F G H
283(E2),348,283,E F G H
284(E2),349,284,E F G H
285(E2),350,285,E F G H
286(E2),351,286,E F G H
287(E2),352,287,E F G H
288(E2),353,288,E F G H
289(E2),354,289,E F G H
290(E2),355,290,E F G H
291(E2),356,291,E F G H
292(E2),357,292,E F G H
293(E2),358,293,E F G H
294(E2),359,294,E F G H
295(E2),360,295,E F G H
296(E2),361,296,E F G H
297(E2),362,297,E F G H
298(E2),363,298,E F G H
299(E2),364,299,E F G H
300(E2),365,300,E F G H
301(E2),366,301,E F G H
302(E2),367,302,E F G H
303(E2),368,303,E F G H
304(E2),369,304,E F G H
305(E2),370,305,E F G H
306(E2),371,306,E F G H
307(E2),372,307,E F G H
308(E2),373,308,E F G H
309(E2),374,309,E F G H
310(E2),375,310,E F G H
311(E2),376,311,E F G H
312(E2),377,312,E F G H
313(E2),378,313,E F G H
314(E2),379,314,E F G H
315(E2),380,315,E F G H
316(E2),381,316,E F G H
317(E2),382,317,E F G H
318(E2),383,318,E F G H
319(E2),384,319,E F G H
320(E2),385,320,E F G H
321(E2),386,321,E F G H
322(E2),387,322,E F G H
323(E2),388,323,E F G H
324(E2),389,324,E F G H
325(E2),390,325,E F G H
326(E2),391,326,E F G H
327(E2),392,327,E F G H
328(E2),393,328,E F G H
329(E2),394,329,E F G H
330(E2),395,330,E F G H
331(E2),396,331,E F G H
332(E2),397,332,E F G H
333(E2),398,333,E F G H
334(E2),399,334,E F G H
335(E2),400,335,E F G H
336(E2),401,336,E F G H
337(E2),402,337,E F G H
338(E2),403,338,E F G H
339(E2),404,339,E F G H
340(E2),405,340,E F G H
341(E2),406,341,E F G H
342(E2),407,342,E F G H
343(E2),408,343,E F G H
344(E2),409,344,E F G H
345(E2),410,345,E F G H
346(E2),411,346,E F G H
347(E2),412,347,E F G H
348(E2),413,348,E F G H
349(E2),414,349,E F G H
350(E2),415,350,E F G H
351(E2),416,351,E F G H
352(E2),417,352,E F G H
353(E2),418,353,E F G H
354(E2),419,354,E F G H
355(E2),420,355,E F G H
356(E2),421,356,E F G H
357(E2),422,357,E F G H
358(E2),423,358,E F G H
359(E2),424,359,E F G H
360(E2),425,360,E F G H
361(E2),426,361,E F G H
362(E2),427,362,E F G H
363(E2),428,363,E F G H
364(E2),429,364,E F G H
365(E2),430,365,E F G H
366(E2),431,366,E F G H
367(E2),432,367,E F G H
368(E2),433,368,E F G H
369(E2),434,369,E F G H
370(E2),435,370,E F G H
371(E2),436,371,E F G H
372(E2),437,372,E F G H
373(E2),438,373,E F G H
374(E2),439,374,E F G H
375(E2),440,375,E F G H
376(E2),441,376,E F G H
377(E2),442,377,E F G H
378(E2),443,378,E F G H
379(E2),444,379,E F G H
380(E2),445,380,E F G H
381(E2),446,381,E F G H
382(E2),447,382,E F G H
383(E2),448,383,E F G H
384(E2),449,384,E F G H
385(E2),450,385,E F G H
386(E2),451,386,E F G H
387(E2),452,387,E F G H
388(E2),453,388,E F G H
389(E2),454,389,E F G H
390(E2),455,390,E F G H
391(E2),456,391,E F G H
392(E2),457,392,E F G H
393(E2),458,393,E F G H
394(E2),459,394,E F G H
395(E2),460,395,E F G H
396(E2),461,396,E F G H
397(E2),462,397,E F G H
398(E2),463,398,E F G H
399(E2),464,399,E F G H
400(E2),465,400,E F G H
401(E2),466,401,E F G H
402(E2),467,402,E F G H
403(E2),468,403,E F G H
404(E2),469,404,E F G H
405(E2),470,405,E F G H
406(E2),471,406,E F G H
407(E2),472,407,E F G H
408(E2),473,408,E F G H
409(E2),474,409,E F G H
410(E2),475,410,E F G H
411(E2),476,411,E F G H
412(E2),477,412,E F G H
413(E2),478,413,E F G H
414(E2),479,414,E F G H
415(E2),480,415,E F G H
416(E2),481,416,E F G H
417(E2),482,417,E F G H
418(E2),483,418,E F G H
419(E2),484,419,E F G H
420(E2),485,420,E F G H
421(E2),486,421,E F G H
422(E2),487,422,E F G H
423(E2),488,423,E F G H
1(6K),489,,
2(6K),490,,
3(6K),491,,
4(6K),492,,
5(6K),493,,
6(6K),494,,
7(6K),495,,
8(6K),496,,
9(6K),497,,
10(6K),498,,
11(6K),499,,
12(6K),500,,
13(6K),501,,
14(6K),502,,
15(6K),503,,
16(6K),504,,
17(6K),505,,
18(6K),506,,
19(6K),507,,
20(6K),508,,
21(6K),509,,
22(6K),510,,
23(6K),511,,
24(6K),512,,
25(6K),513,,
26(6K),514,,
27(6K),515,,
28(6K),516,,
29(6K),517,,
30(6K),518,,
31(6K),519,,
32(6K),520,,
33(6K),521,,
34(6K),522,,
35(6K),523,,
36(6K),524,,
37(6K),525,,
38(6K),526,,
39(6K),527,,
40(6K),528,,
41(6K),529,,
42(6K),530,,
43(6K),531,,
44(6K),532,,
45(6K),533,,
46(6K),534,,
47(6K),535,,
48(6K),536,,
49(6K),537,,
50(6K),538,,
51(6K),539,,
52(6K),540,,
53(6K),541,,
54(6K),542,,
55(6K),543,,
56(6K),544,,
57(6K),545,,
58(6K),546,,
59(6K),547,,
60(6K),548,,
61(6K),549,,
1(E1),550,1,A B C D
2(E1),551,2,A B C D
3(E1),552,3,A B C D
4(E1),553,4,A B C D
5(E1),554,5,A B C D
6(E1),555,6,A B C D
7(E1),556,7,A B C D
8(E1),557,8,A B C D
9(E1),558,9,A B C D
10(E1),559,10,A B C D
11(E1),560,11,A B C D
12(E1),561,12,A B C D
13(E1),562,13,A B C D
14(E1),563,14,A B C D
15(E1),564,15,A B C D
16(E1),565,16,A B C D
17(E1),566,17,A B C D
18(E1),567,18,A B C D
19(E1),568,19,A B C D
20(E1),569,20,A B C D
21(E1),570,21,A B C D
22(E1),571,22,A B C D
23(E1),572,23,A B C D
24(E1),573,24,A B C D
25(E1),574,25,A B C D
26(E1),575,26,A B C D
27(E1),576,27,A B C D
28(E1),577,28,A B C D
29(E1),578,29,A B C D
30(E1),579,30,A B C D
31(E1),580,31,A B C D
32(E1),581,32,A B C D
33(E1),582,33,A B C D
34(E1),583,34,A B C D
35(E1),584,35,A B C D
36(E1),585,36,A B C D
37(E1),586,37,A B C D
38(E1),587,38,A B C D
39(E1),588,39,A B C D
40(E1),589,40,A B C D
41(E1),590,41,A B C D
42(E1),591,42,A B C D
43(E1),592,43,A B C D
44(E1),593,44,A B C D
45(E1),594,45,A B C D
46(E1),595,46,A B C D
47(E1),596,47,A B C D
48(E1),597,48,A B C D
49(E1),598,49,A B C D
50(E1),599,50,A B C D
51(E1),600,51,A B C D
52(E1),601,52,A B C D
53(E1),602,53,A B C D
54(E1),603,54,A B C D
55(E1),604,55,A B C D
56(E1),605,56,A B C D
57(E1),606,57,A B C D
58(E1),607,58,A B C D
59(E1),608,59,A B C D
60(E1),609,60,A B C D
61(E1),610,61,A B C D
62(E1),611,62,A B C D
63(E1),612,63,A B C D
64(E1),613,64,A B C D
65(E1),614,65,A B C D
66(E1),615,66,A B C D
67(E1),616,67,A B C D
68(E1),617,68,A B C D
69(E1),618,69,A B C D
70(E1),619,70,A B C D
71(E1),620,71,A B C D
72(E1),621,72,A B C D
73(E1),622,73,A B C D
74(E1),623,74,A B C D
75(E1),624,75,A B C D
76(E1),625,76,A B C D
77(E1),626,77,A B C D
78(E1),627,78,A B C D
79(E1),628,79,A B C D
80(E1),629,80,A B C D
81(E1),630,81,A B C D
82(E1),631,82,A B C D
83(E1),632,83,A B C D
84(E1),633,84,A B C D
85(E1),634,85,A B C D
86(E1),635,86,A B C D
87(E1),636,87,A B C D
88(E1),637,88,A B C D
89(E1),638,89,A B C D
90(E1),639,90,A B C D
91(E1),640,91,A B C D
92(E1),641,92,A B C D
93(E1),642,93,A B C D
94(E1),643,94,A B C D
95(E1),644,95,A B C D
96(E1),645,96,A B C D
97(E1),646,97,A B C D
98(E1),647,98,A B C D
99(E1),648,99,A B C D
100(E1),649,100,A B C D
101(E1),650,101,A B C D
102(E1),651,102,A B C D
103(E1),652,103,A B C D
104(E1),653,104,A B C D
105(E1),654,105,A B C D
106(E1),655,106,A B C D
107(E1),656,107,A B C D
108(E1),657,108,A B C D
109(E1),658,109,A B C D
110(E1),659,110,A B C D
111(E1),660,111,A B C D
112(E1),661,112,A B C D
113(E1),662,113,A B C D
114(E1),663,114,A B C D
115(E1),664,115,A B C D
116(E1),665,116,A B C D
117(E1),666,117,A B C D
118(E1),667,118,A B C D
119(E1),668,119,A B C D
120(E1),669,120,A B C D
121(E1),670,121,A B C D
122(E1),671,122,A B C D
123(E1),672,123,A B C D
124(E1),673,124,A B C D
125(E1),674,125,A B C D
126(E1),675,126,A B C D
127(E1),676,127,A B C D
128(E1),677,128,A B C D
129(E1),678,129,A B C D
130(E1),679,130,A B C D
131(E1),680,131,A B C D
132(E1),681,132,A B C D
133(E1),682,133,A B C D
134(E1),683,134,A B C D
135(E1),684,135,A B C D
136(E1),685,136,A B C D
137(E1),686,137,A B C D
138(E1),687,138,A B C D
139(E1),688,139,A B C D
140(E1),689,140,A B C D
141(E1),690,141,A B C D
142(E1),691,142,A B C D
143(E1),692,143,A B C D
144(E1),693,144,A B C D
145(E1),694,145,A B C D
146(E1),695,146,A B C D
147(E1),696,147,A B C D
148(E1),697,148,A B C D
149(E1),698,149,A B C D
150(E1),699,150,A B C D
151(E1),700,151,A B C D
152(E1),701,152,A B C D
153(E1),702,153,A B C D
154(E1),703,154,A B C D
155(E1),704,155,A B C D
156(E1),705,156,A B C D
157(E1),706,157,A B C D
158(E1),707,158,A B C D
159(E1),708,159,A B C D
160(E1),709,160,A B C D
161(E1),710,161,A B C D
162(E1),711,162,A B C D
163(E1),712,163,A B C D
164(E1),713,164,A B C D
165(E1),714,165,A B C D
166(E1),715,166,A B C D
167(E1),716,167,A B C D
168(E1),717,168,A B C D
169(E1),718,169,A B C D
170(E1),719,170,A B C D
171(E1),720,171,A B C D
172(E1),721,172,A B C D
173(E1),722,173,A B C D
174(E1),723,174,A B C D
175(E1),724,175,A B C D
176(E1),725,176,A B C D
177(E1),726,177,A B C D
178(E1),727,178,A B C D
179(E1),728,179,A B C D
180(E1),729,180,A B C D
181(E1),730,181,A B C D
182(E1),731,182,A B C D
183(E1),732,183,A B C D
184(E1),733,184,A B C D
185(E1),734,185,A B C D
186(E1),735,186,A B C D
187(E1),736,187,A B C D
188(E1),737,188,A B C D
189(E1),738,189,A B C D
190(E1),739,190,A B C D
191(E1),740,191,A B C D
192(E1),741,192,A B C D
193(E1),742,193,A B C D
194(E1),743,194,A B C D
195(E1),744,195,A B C D
196(E1),745,196,A B C D
197(E1),746,197,A B C D
198(E1),747,198,A B C D
199(E1),748,199,A B C D
200(E1),749,200,A B C D
201(E1),750,201,A B C D
202(E1),751,202,A B C D
203(E1),752,203,A B C D
204(E1),753,204,A B C D
205(E1),754,205,A B C D
206(E1),755,206,A B C D
207(E1),756,207,A B C D
208(E1),757,208,A B C D
209(E1),758,209,A B C D
210(E1),759,210,A B C D
211(E1),760,211,A B C D
212(E1),761,212,A B C D
213(E1),762,213,A B C D
214(E1),763,214,A B C D
215(E1),764,215,A B C D
216(E1),765,216,A B C D
217(E1),766,217,A B C D
218(E1),767,218,A B C D
219(E1),768,219,A B C D
220(E1),769,220,A B C D
221(E1),770,221,A B C D
222(E1),771,222,A B C D
223(E1),772,223,A B C D
224(E1),773,224,A B C D
225(E1),774,225,A B C D
226(E1),775,226,A B C D
227(E1),776,227,A B C D
228(E1),777,228,A B C D
229(E1),778,229,A B C D
230(E1),779,230,A B C D
231(E1),780,231,A B C D
232(E1),781,232,A B C D
233(E1),782,233,A B C D
234(E1),783,234,A B C D
235(E1),784,235,A B C D
236(E1),785,236,A B C D
237(E1),786,237,A B C D
238(E1),787,238,A B C D
239(E1),788,239,A B C D
240(E1),789,240,A B C D
241(E1),790,241,A B C D
242(E1),791,242,A B C D
243(E1),792,243,A B C D
244(E1),793,244,A B C D
245(E1),794,245,A B C D
246(E1),795,246,A B C D
247(E1),796,247,A B C D
248(E1),797,248,A B C D
249(E1),798,249,A B C D
250(E1),799,250,A B C D
251(E1),800,251,A B C D
252(E1),801,252,A B C D
253(E1),802,253,A B C D
254(E1),803,254,A B C D
255(E1),804,255,A B C D
256(E1),805,256,A B C D
257(E1),806,257,A B C D
258(E1),807,258,A B C D
259(E1),808,259,A B C D
260(E1),809,260,A B C D
261(E1),810,261,A B C D
262(E1),811,262,A B C D
263(E1),812,263,A B C D
264(E1),813,264,A B C D
265(E1),814,265,A B C D
266(E1),815,266,A B C D
267(E1),816,267,A B C D
268(E1),817,268,A B C D
269(E1),818,269,A B C D
270(E1),819,270,A B C D
271(E1),820,271,A B C D
272(E1),821,272,A B C D
273(E1),822,273,A B C D
274(E1),823,274,A B C D
275(E1),824,275,A B C D
276(E1),825,276,A B C D
277(E1),826,277,A B C D
278(E1),827,278,A B C D
279(E1),828,279,A B C D
280(E1),829,280,A B C D
281(E1),830,281,A B C D
282(E1),831,282,A B C D
283(E1),832,283,A B C D
284(E1),833,284,A B C D
285(E1),834,285,A B C D
286(E1),835,286,A B C D
287(E1),836,287,A B C D
288(E1),837,288,A B C D
289(E1),838,289,A B C D
290(E1),839,290,A B C D
291(E1),840,291,A B C D
292(E1),841,292,A B C D
293(E1),842,293,A B C D
294(E1),843,294,A B C D
295(E1),844,295,A B C D
296(E1),845,296,A B C D
297(E1),846,297,A B C D
298(E1),847,298,A B C D
299(E1),848,299,A B C D
300(E1),849,300,A B C D
301(E1),850,301,A B C D
302(E1),851,302,A B C D
303(E1),852,303,A B C D
304(E1),853,304,A B C D
305(E1),854,305,A B C D
306(E1),855,306,A B C D
307(E1),856,307,A B C D
308(E1),857,308,A B C D
309(E1),858,309,A B C D
310(E1),859,310,A B C D
311(E1),860,311,A B C D
312(E1),861,312,A B C D
313(E1),862,313,A B C D
314(E1),863,314,A B C D
315(E1),864,315,A B C D
316(E1),865,316,A B C D
317(E1),866,317,A B C D
318(E1),867,318,A B C D
319(E1),868,319,A B C D
320(E1),869,320,A B C D
321(E1),870,321,A B C D
322(E1),871,322,A B C D
323(E1),872,323,A B C D
324(E1),873,324,A B C D
325(E1),874,325,A B C D
326(E1),875,326,A B C D
327(E1),876,327,A B C D
328(E1),877,328,A B C D
329(E1),878,329,A B C D
330(E1),879,330,A B C D
331(E1),880,331,A B C D
332(E1),881,332,A B C D
333(E1),882,333,A B C D
334(E1),883,334,A B C D
335(E1),884,335,A B C D
336(E1),885,336,A B C D
337(E1),886,337,A B C D
338(E1),887,338,A B C D
339(E1),888,339,A B C D
340(E1),889,340,A B C D
341(E1),890,341,A B C D
342(E1),891,342,A B C D
343(E1),892,343,A B C D
344(E1),893,344,A B C D
345(E1),894,345,A B C D
346(E1),895,346,A B C D
347(E1),896,347,A B C D
348(E1),897,348,A B C D
349(E1),898,349,A B C D
350(E1),899,350,A B C D
351(E1),900,351,A B C D
352(E1),901,352,A B C D
353(E1),902,353,A B C D
354(E1),903,354,A B C D
355(E1),904,355,A B C D
356(E1),905,356,A B C D
357(E1),906,357,A B C D
358(E1),907,358,A B C D
359(E1),908,359,A B C D
360(E1),909,360,A B C D
361(E1),910,361,A B C D
362(E1),911,362,A B C D
363(E1),912,363,A B C D
364(E1),913,364,A B C D
365(E1),914,365,A B C D
366(E1),915,366,A B C D
367(E1),916,367,A B C D
368(E1),917,368,A B C D
369(E1),918,369,A B C D
370(E1),919,370,A B C D
371(E1),920,371,A B C D
372(E1),921,372,A B C D
373(E1),922,373,A B C D
374(E1),923,374,A B C D
375(E1),924,375,A B C D
376(E1),925,376,A B C D
377(E1),926,377,A B C D
378(E1),927,378,A B C D
379(E1),928,379,A B C D
380(E1),929,380,A B C D
381(E1),930,381,A B C D
382(E1),931,382,A B C D
383(E1),932,383,A B C D
384(E1),933,384,A B C D
385(E1),934,385,A B C D
386(E1),935,386,A B C D
387(E1),936,387,A B C D
388(E1),937,388,A B C D
389(E1),938,389,A B C D
390(E1),939,390,A B C D
391(E1),940,391,A B C D
392(E1),941,392,A B C D
393(E1),942,393,A B C D
394(E1),943,394,A B C D
395(E1),944,395,A B C D
396(E1),945,396,A B C D
397(E1),946,397,A B C D
398(E1),947,398,A B C D
399(E1),948,399,A B C D
400(E1),949,400,A B C D
401(E1),950,401,A B C D
402(E1),951,402,A B C D
403(E1),952,403,A B C D
404(E1),953,404,A B C D
405(E1),954,405,A B C D
406(E1),955,406,A B C D
407(E1),956,407,A B C D
408(E1),957,408,A B C D
409(E1),958,409,A B C D
410(E1),959,410,A B C D
411(E1),960,411,A B C D
412(E1),961,412,A B C D
413(E1),962,413,A B C D
414(E1),963,414,A B C D
415(E1),964,415,A B C D
416(E1),965,416,A B C D
417(E1),966,417,A B C D
418(E1),967,418,A B C D
419(E1),968,419,A B C D
420(E1),969,420,A B C D
421(E1),970,421,A B C D
422(E1),971,422,A B C D
423(E1),972,423,A B C D
424(E1),973,424,A B C D
425(E1),974,425,A B C D
426(E1),975,426,A B C D
427(E1),976,427,A B C D
428(E1),977,428,A B C D
429(E1),978,429,A B C D
430(E1),979,430,A B C D
431(E1),980,431,A B C D
432(E1),981,432,A B C D
433(E1),982,433,A B C D
434(E1),983,434,A B C D
435(E1),984,435,A B C D
436(E1),985,436,A B C D
437(E1),986,437,A B C D
438(E1),987,438,A B C D
439(E1),988,439,A B C D
